title,channel,upload_date,url
Harris’ grandnieces teach DNC how to pronounce her name,CNN,2024-08-23T11:47:36Z,https://www.youtube.com/watch?v=JvwGUWfvRV4
Trump continues personal attacks on Kamala Harris,CNN,2024-08-19T11:35:22Z,https://www.youtube.com/watch?v=SM--QJaPRz0
Harris details call with Trump after apparent assassination attempt,CNN,2024-09-17T20:31:57Z,https://www.youtube.com/watch?v=2Y02D80R0GU
Hear what Putin says is ‘infectious’ about Kamala Harris,CNN,2024-09-05T13:08:27Z,https://www.youtube.com/watch?v=lKoXhTuUOI8
Kamala Harris’ Jamaican family dismiss Trump’s racial attacks,CNN,2024-08-17T14:08:44Z,https://www.youtube.com/watch?v=HhcKwoK0Ta0
Harris responds to Trump’s Claim that She ‘Turned Black’ for Political gain,CNN,2024-08-30T00:03:28Z,https://www.youtube.com/watch?v=NK9m3cpwBV4
Kamala Harris and Tim Walz CNN interview (part 1): Plan for first day in office,CNN,2024-08-30T01:52:51Z,https://www.youtube.com/watch?v=Dl9gPBasyv4
Trump and Harris on Israel stances,CNN,2024-09-11T03:31:11Z,https://www.youtube.com/watch?v=8EbQ1cc1wq8
&#39;I&#39;m talking now&#39;: Trump and Harris spar during debate,CNN,2024-09-11T03:28:15Z,https://www.youtube.com/watch?v=JlbetnvaLN8
CNN anchors react to Taylor Swift’s endorsement of Kamala Harris,CNN,2024-09-11T11:55:59Z,https://www.youtube.com/watch?v=D02nVcF9E1E
Hear Trump’s reaction to Taylor Swift endorsing Kamala Harris,CNN,2024-09-11T15:05:29Z,https://www.youtube.com/watch?v=xjV9OmMR-XM
Liz Cheney says Dick Cheney is voting for Kamala Harris,CNN,2024-09-06T21:32:18Z,https://www.youtube.com/watch?v=L4HwKJedFFw
&#39;What happened to you?&#39;: Oprah asks Harris about stepping in for Biden,CNN,2024-09-20T01:40:04Z,https://www.youtube.com/watch?v=JKS1MOt1jXE
Harris and Trump spar over abortion rights,CNN,2024-09-11T01:45:44Z,https://www.youtube.com/watch?v=wuNWdW0UXWI
‘Next question please’: Kamala Harris responds to question about Trump,CNN,2024-08-30T01:02:13Z,https://www.youtube.com/watch?v=N3QQZqQbFCw
Harris and Trump shake hands at 9/11 service,CNN,2024-09-11T13:24:17Z,https://www.youtube.com/watch?v=uxrH-SS081k
Trump says he won&#39;t accept CNN invite to debate Harris,CNN,2024-09-22T17:15:09Z,https://www.youtube.com/watch?v=f3x8KuXwC08
Opinion: Why fracking could help Kamala Harris during the debate,CNN,2024-09-10T14:17:09Z,https://www.youtube.com/watch?v=yNf2NwmhvAU
Kamala Harris and Tim Walz CNN interview (part 2): Israel-Hamas war,CNN,2024-08-30T02:17:34Z,https://www.youtube.com/watch?v=Rus0ght1j34
Kamala Harris and Tim Walz CNN interview (part 3): Biden conversation about dropping out,CNN,2024-08-30T02:17:44Z,https://www.youtube.com/watch?v=HQkojD8zLr0
Harris&#39; DNC speech: What we heard and didn&#39;t hear,CNN,2024-08-23T06:42:09Z,https://www.youtube.com/watch?v=Blwu0-mjeIA
What Harris is trying to do that Biden and Clinton could not,CNN,2024-08-15T01:45:44Z,https://www.youtube.com/watch?v=hyltDvR7ROc
Joe Rogan praises Harris campaign,CNN,2024-09-18T18:08:12Z,https://www.youtube.com/watch?v=nEePnISl8gE
Must-watch moments and analysis of Trump and Harris’s first presidential debate,CNN,2024-09-11T05:09:54Z,https://www.youtube.com/watch?v=kADujQsWO68
‘Devastating’: Analysts react to Harris-Trump debate,CNN,2024-09-11T03:23:40Z,https://www.youtube.com/watch?v=waqJyvLN1SI
Audience reacts to Kamala Harris’ unexpected entry on DNC night one,CNN,2024-08-20T01:34:27Z,https://www.youtube.com/watch?v=C2dQV9hwaQs
These undecided voters said Harris’ speech made up their minds. Hear why,CNN,2024-08-23T04:59:31Z,https://www.youtube.com/watch?v=ztPAZKM6hME
Hear Liz Cheney endorse Kamala Harris for president,CNN,2024-09-04T23:25:00Z,https://www.youtube.com/watch?v=vI_4EFr3zLc
Kerry Washington and Kamala Harris&#39; grandnieces teach the DNC how to pronounce Harris&#39; name,CNN,2024-08-23T01:45:02Z,https://www.youtube.com/watch?v=IGoHXbkadAg
&#39;Striking&#39;: Dana Bash reacts to Harris&#39; speech on final day of DNC,CNN,2024-08-23T04:40:00Z,https://www.youtube.com/watch?v=v3LX1jQqdgY
Watch the full Second Presidential Debate Hosted by ABC,CNN,2024-09-11T02:51:06Z,https://www.youtube.com/watch?v=T89NYFjEAiM
Professor gets upset with Nancy Mace after she mispronounces Kamala Harris&#39; name,CNN,2024-08-16T14:13:34Z,https://www.youtube.com/watch?v=cgZaerfOz_E
Dana Bash joins podcast hosts for &#39;Had It Or Hit It&#39; game,CNN,2024-09-24T17:44:47Z,https://www.youtube.com/watch?v=a7RuPqaHXjA
Sarah Huckabee Sanders takes swipe at Kamala Harris for not having children,CNN,2024-09-18T10:00:15Z,https://www.youtube.com/watch?v=FhAEG6B4ekk
Harris and Trump meet for first time on debate stage,CNN,2024-09-11T01:38:47Z,https://www.youtube.com/watch?v=_-hs2QHigYM
Harris speaks to DNC crowd in Chicago from campaign rally in Wisconsin,CNN,2024-08-21T01:36:17Z,https://www.youtube.com/watch?v=YTZDyArqRhM
Harris baits Trump into arguments,CNN,2024-09-11T05:28:47Z,https://www.youtube.com/watch?v=ZzZhYih2x8Y
Hear what GOP strategist thought about Harris&#39; speech,CNN,2024-08-23T12:17:22Z,https://www.youtube.com/watch?v=cedY8gyTRx0
See the new ad &#39;White Dudes for Harris&#39; is spending $10M on,CNN,2024-09-23T15:41:35Z,https://www.youtube.com/watch?v=RRZcAG1mTLs
Trump compares Kamala Harris&#39; looks to Melania,CNN,2024-08-13T15:24:09Z,https://www.youtube.com/watch?v=CL_7mankEp8
Second gentleman Doug Emhoff describes getting Kamala Harris&#39; number,CNN,2024-08-21T03:30:40Z,https://www.youtube.com/watch?v=qY6PsPTrjwI
Former Bush attorney general endorses Kamala Harris,CNN,2024-09-12T13:29:34Z,https://www.youtube.com/watch?v=K54XDRxw6BM
"Reporter on why Trump is saying Harris’ nomination is unconstitutional, and how it relates to 2020",CNN,2024-08-16T01:15:01Z,https://www.youtube.com/watch?v=cpb83M0ZqeM
Van Jones: Kamala Harris ‘lit this country on fire’,CNN,2024-08-19T12:36:06Z,https://www.youtube.com/watch?v=RMA_sNzZKy8
Live: Kamala Harris’ big moment and more at the DNC’s final night,CNN,2024-08-23T03:50:08Z,https://www.youtube.com/watch?v=pvSmRoFv9n4
CNN national poll: Race between Trump and Harris virtually tied,CNN,2024-09-24T17:36:54Z,https://www.youtube.com/watch?v=5Z6djzUiI6Y
Kamala Harris lays out her economic plan in major policy speech,CNN,2024-08-16T20:00:28Z,https://www.youtube.com/watch?v=VXJEKJmRMEk
New poll shows whether Harris or Trump is leading in favorability rating,CNN,2024-09-02T23:16:13Z,https://www.youtube.com/watch?v=5M_U6liqeU0
Haberman on why Cheney’s endorsement of Harris may get under Trump’s skin,CNN,2024-09-05T02:18:21Z,https://www.youtube.com/watch?v=OyVrZooAfvY
Harris explains why she would name a Republican to serve in her Cabinet if elected,CNN,2024-08-29T21:55:04Z,https://www.youtube.com/watch?v=Tt2KluwIaek
Can Oprah&#39;s support get Kamala Harris to the White House?,CNN,2024-09-20T10:00:07Z,https://www.youtube.com/watch?v=36yZ8WTx5Nk
See results of CNN&#39;s instant poll after Harris-Trump debate,CNN,2024-09-11T11:00:16Z,https://www.youtube.com/watch?v=AaroD25-V_k
Harris details what she told Trump after apparent assassination attempt,CNN,2024-09-17T22:30:12Z,https://www.youtube.com/watch?v=mrByaRTEqj0
&#39;Thank goodness&#39;: Van Jones reacts to Harris&#39; economic plan compared to Trump&#39;s,CNN,2024-08-16T23:10:09Z,https://www.youtube.com/watch?v=WVNOUYakXNg
Harris explains in first interview as Democratic nominee why her positions on key issues changed,CNN,2024-08-29T20:33:11Z,https://www.youtube.com/watch?v=6rpgiaPHG3Q
Why GOP strategist says Sarah Huckabee Sanders&#39; latest dig at Kamala Harris is alienating voters,CNN,2024-09-18T21:01:53Z,https://www.youtube.com/watch?v=vfdNQWn-VRM
The significance of Oprah’s surprise speech at the DNC,CNN,2024-08-22T06:08:53Z,https://www.youtube.com/watch?v=uFqEJ3TxYsY
Retired senior military leaders voice support for Harris,CNN,2024-09-09T17:33:58Z,https://www.youtube.com/watch?v=V314ets7B18
Trump thrown off his debate game,CNN,2024-09-11T06:03:24Z,https://www.youtube.com/watch?v=k5n3UM-9lcc
The Harris Coalition Converges on Chicago,CNN,2024-08-21T08:47:43Z,https://www.youtube.com/watch?v=3-luvUEh_Qc
Kamala Harris asks DNC crowd to ‘consider’ consequences of another Trump presidency,CNN,2024-08-23T03:37:58Z,https://www.youtube.com/watch?v=-E0o-wptsHg
‘Crucial moment’: Analysts break down Harris’ latest campaign stop with Biden,CNN,2024-09-03T01:00:34Z,https://www.youtube.com/watch?v=qaiRwPPXqBQ
Democrats gather to enshrine their audacious power play,CNN,2024-08-19T14:41:20Z,https://www.youtube.com/watch?v=cT0KMLOKpkg
Why some Democrats aren&#39;t endorsing Harris,CNN,2024-08-25T14:31:30Z,https://www.youtube.com/watch?v=D2CgyK5vTO0
Trump vs. Harris on the Issues That Matter to Voters,CNN,2024-09-01T08:40:11Z,https://www.youtube.com/watch?v=Dq2y1FYufuY
Ex-FBI profiler decodes Harris and Trump’s body language,CNN,2024-09-12T11:54:42Z,https://www.youtube.com/watch?v=H_9nq2kJ2po
Pope criticizes both Trump and Harris,CNN,2024-09-14T00:22:40Z,https://www.youtube.com/watch?v=wsC3h9rSju0
Takeaways from CNN’s interview with Harris and Walz,CNN,2024-08-30T10:00:53Z,https://www.youtube.com/watch?v=gT1_9rn1QPA
Gov. Pritzker on immigration and Trump targeting Harris on border,CNN,2024-08-27T02:00:15Z,https://www.youtube.com/watch?v=_3lP-RSPjPE
Harris’ debate team prepares for potential insults from Trump,CNN,2024-09-09T22:33:11Z,https://www.youtube.com/watch?v=5HCngGBzJAg
‘No greater threat’: Dick Cheney slams Trump in his endorsement of Harris,CNN,2024-09-07T11:00:07Z,https://www.youtube.com/watch?v=9W7rc-HrmIc
Trump speaks out on possibility of second debate with Harris,CNN,2024-09-11T20:06:05Z,https://www.youtube.com/watch?v=tOVbxBUYQzI
The proverbial ‘glass ceiling’ contrast,CNN,2024-08-20T17:37:29Z,https://www.youtube.com/watch?v=hY-VcMxcfqw
‘Giant increase’: Polling shows Kamala Harris advantage with key voting bloc,CNN,2024-08-15T13:14:35Z,https://www.youtube.com/watch?v=HxFOtFxcGc8
Democrat strategist grades Harris&#39; debate performance,CNN,2024-09-11T07:02:26Z,https://www.youtube.com/watch?v=J3DPRWAbwCc
Trump ‘couldn’t care less’ about Harris’ racial identity,CNN,2024-09-11T03:39:40Z,https://www.youtube.com/watch?v=8Z8dXT8lKmE
Would Harris appoint a Republican to her cabinet?,CNN,2024-08-29T20:54:32Z,https://www.youtube.com/watch?v=FHj9_Rwal5Q
Van Jones reacts to Harris’ comments about her family,CNN,2024-09-21T10:30:31Z,https://www.youtube.com/watch?v=sNJ96-32aoc
Hear Trump’s response after Harris said he’s a threat to democracy,CNN,2024-09-19T15:00:15Z,https://www.youtube.com/watch?v=aHdQgKPYMQA
Key Trump allies want him to stop insulting Harris,CNN,2024-08-13T18:04:33Z,https://www.youtube.com/watch?v=iFalm-TOSJw
Hear Trump’s response to Harris’ interview with CNN,CNN,2024-08-29T23:51:31Z,https://www.youtube.com/watch?v=LViEk8PFfG8
Analyst: Trump’s team may find these Harris interview moments ‘useful’,CNN,2024-08-30T22:20:16Z,https://www.youtube.com/watch?v=-rTvbaSrxKc
"Why Harris is considering a trip to the border, according to analysts",CNN,2024-09-24T02:46:53Z,https://www.youtube.com/watch?v=wI33zQANC4M
Harris challenged over Biden administration’s Afghanistan withdrawal,CNN,2024-09-11T02:37:50Z,https://www.youtube.com/watch?v=XLOn7ejmC5U
Harris and Walz to sit with CNN for exclusive first joint interview,CNN,2024-08-27T21:43:57Z,https://www.youtube.com/watch?v=YOsl3KGXZ8c
New polls show Harris ahead of Trump in two key swing states,CNN,2024-09-19T02:00:09Z,https://www.youtube.com/watch?v=HLH0YfvsTF4
Harry Enten: Women voters are fueling Kamala Harris’ polling surge,CNN,2024-08-16T15:17:25Z,https://www.youtube.com/watch?v=CW_rYBeyBFk
How hard will Trump campaign be on Harris? Hear David Axelrod&#39;s prediction,CNN,2024-09-03T14:56:15Z,https://www.youtube.com/watch?v=PTiAJNDD_D4
Fmr. Trump Official: Harris ignoring Trump’s attacks is “smart political instinct”,CNN,2024-08-31T03:04:54Z,https://www.youtube.com/watch?v=QBFfGhRcb14
&#39;A taste of his own medicine&#39;: Analyst reacts after Harris campaign trolls Trump,CNN,2024-08-27T12:46:28Z,https://www.youtube.com/watch?v=MZUDTwvEFHM
‘Extraordinary’: Dana Bash describes interview moment when Harris discussed historic call with Biden,CNN,2024-08-30T03:42:30Z,https://www.youtube.com/watch?v=B2ULWkTZjhM
"Harris makes history, Warren tears up and Harris’ grandnieces teach a lesson on final day of DNC",CNN,2024-08-23T04:10:53Z,https://www.youtube.com/watch?v=MEgs3DwfqGA
New poll shows where Trump and Harris stand in Pennsylvania,CNN,2024-08-15T00:21:05Z,https://www.youtube.com/watch?v=UQ2Af9i8B6s
Hear from the Republicans backing Kamala Harris over &#39;dictator&#39; Donald Trump,CNN,2024-08-22T18:18:56Z,https://www.youtube.com/watch?v=D6vbeQv78WY
See how Kamala Harris honored Biden at event,CNN,2024-08-15T18:57:38Z,https://www.youtube.com/watch?v=-G8Z9GGS_9g
GOP strategist slams Harris’ interview: ‘She needs to start answering questions’,CNN,2024-09-13T23:59:07Z,https://www.youtube.com/watch?v=XugLEd7Q5G8
John King breaks down how Harris&#39; speech could impact the election,CNN,2024-08-23T10:01:05Z,https://www.youtube.com/watch?v=wTAdlr38fVU
‘I made a grave mistake’: Ex-MAGA supporter addresses the DNC,CNN,2024-08-20T12:37:34Z,https://www.youtube.com/watch?v=Q7ZgpLkMZS0
Trump shares vulgar post about Harris and Clinton. His ex-adviser has advice for him,CNN,2024-08-29T12:38:57Z,https://www.youtube.com/watch?v=6EW1Aplps4k
Will Taylor Swift’s endorsement change the race for Harris?,CNN,2024-09-11T13:18:26Z,https://www.youtube.com/watch?v=NfoiMaBpSm8
2024 campaign heats up as Harris unveils economic plan,CNN,2024-08-17T00:21:41Z,https://www.youtube.com/watch?v=vBj1uxGAszA
‘Incredibly alarming’: Ex-Pence adviser on Trump’s Ukraine answer,CNN,2024-09-11T18:16:23Z,https://www.youtube.com/watch?v=lNxj-cL3pZE
New poll reveals how voters are viewing Trump and Harris after the debate,CNN,2024-09-13T14:36:55Z,https://www.youtube.com/watch?v=mCmrpWa1KoQ
Harry Enten on how Harris’ debate showing may affect Trump’s chances,CNN,2024-09-11T14:09:05Z,https://www.youtube.com/watch?v=9dk9xo9oT24
Surprising finding in new CNN poll,CNN,2024-09-24T17:03:45Z,https://www.youtube.com/watch?v=vLHC81RLDd8
‘White Dudes For Harris’ launches $10 million digital ad buy,CNN,2024-09-19T17:53:14Z,https://www.youtube.com/watch?v=iIAFFwvgwcc
Hear what Bill O&#39;Reilly thinks of Harris and Trump&#39;s debate performances,CNN,2024-09-13T12:41:12Z,https://www.youtube.com/watch?v=Dt26v5geni8
Enten shows how Taylor Swift endorsement impacts political races,CNN,2024-09-12T14:27:20Z,https://www.youtube.com/watch?v=mhB1yIYkboU
Hear what these Black men thought about Harris’ DNC speech,CNN,2024-08-24T13:40:24Z,https://www.youtube.com/watch?v=X34QwinyKT4
Trump barnstorms critical ‘blue wall’ states,CNN,2024-08-26T23:30:00Z,https://www.youtube.com/watch?v=aZgdLi2Xzk8
This is what Buttigieg thinks Harris will need while debating Trump,CNN,2024-09-08T14:34:34Z,https://www.youtube.com/watch?v=5U0vVRmcmnA
Should Republicans be surprised Dick Cheney is voting for Harris?,CNN,2024-09-07T02:56:44Z,https://www.youtube.com/watch?v=X4WkFd4aZP8
‘Obvious traps’: SE Cupp reacts to Harris’ strategy to distract Trump during debate,CNN,2024-09-11T18:31:53Z,https://www.youtube.com/watch?v=ekvdhNJ9cqc
Trump digs at Harris stir fears he’ll attack election outcome,CNN,2024-08-14T16:58:20Z,https://www.youtube.com/watch?v=_DIoc60BW50
Strategists on what they think Trump and Harris need to do at this point in the race,CNN,2024-09-01T23:41:25Z,https://www.youtube.com/watch?v=fYhmqPRnGZM
Analyst: Why this debate is going to matter,CNN,2024-09-08T10:00:24Z,https://www.youtube.com/watch?v=WPyUQEz8Abg
Harris and Trump prepare for their first time meeting face-to-face at presidential debate,CNN,2024-09-10T01:35:01Z,https://www.youtube.com/watch?v=nclzBtV4hh0
Phil Mattingly says it’s ‘intentional’ Harris and Trump are hitting certain states,CNN,2024-08-23T21:45:00Z,https://www.youtube.com/watch?v=DG67736NGOA
‘Remarkably different race’: John King shows multiple pathways to victory,CNN,2024-08-19T12:14:30Z,https://www.youtube.com/watch?v=5_DHl4Kp77A
New poll suggests Harris leading Trump nationally for the first time,CNN,2024-08-18T16:20:57Z,https://www.youtube.com/watch?v=0iBgz3jwZZU
John King explains why the economy is Trump’s &#39;biggest advantage&#39; and Harris’ &#39;biggest problem&#39;,CNN,2024-09-05T21:47:56Z,https://www.youtube.com/watch?v=_xgSeZzbPDs
Senator says University&#39;s Kamala Harris &#39;roast&#39; condones hate speech,CNN,2024-09-07T14:09:24Z,https://www.youtube.com/watch?v=LZz6GSZ7JnM
‘Same old playbook’: Michael Cohen reacts to Trump’s skepticism about Harris debate,CNN,2024-08-27T16:43:20Z,https://www.youtube.com/watch?v=UefgxCxr_To
&#39;We&#39;ve not seen that&#39;: Pollster identifies big change in 2024 election,CNN,2024-08-12T14:17:47Z,https://www.youtube.com/watch?v=AIhzw5PvBek
See Bernie Sanders&#39; reaction to Trump&#39;s remark about Harris,CNN,2024-08-15T01:45:01Z,https://www.youtube.com/watch?v=SnYE-g51d1Y
Trump struggling to keep consistent position on abortion,CNN,2024-09-03T18:52:10Z,https://www.youtube.com/watch?v=SlQr8of3k9w
Harris sees polling gains in key battleground states,CNN,2024-08-29T15:39:02Z,https://www.youtube.com/watch?v=-6fb49zu6L8
Learning from past debates,CNN,2024-09-09T21:50:48Z,https://www.youtube.com/watch?v=XywPl1J2mYA
Fetterman explains why Biden dropping out of the race is no longer helping Trump,CNN,2024-09-08T14:40:54Z,https://www.youtube.com/watch?v=g0FDfs1CoCA
Opinion: Why Trump should emphasize the Biden-Harris ‘failures’ at the debate,CNN,2024-09-10T16:04:07Z,https://www.youtube.com/watch?v=SyHDg7oQLRU
Harris reacts to Trump saying he ‘couldn’t care less’ about her race,CNN,2024-09-11T02:57:08Z,https://www.youtube.com/watch?v=p5uvc01q7d0
Tulsi Gabbard reveals how she is preparing Trump to debate Harris,CNN,2024-09-01T17:53:39Z,https://www.youtube.com/watch?v=IyhXdqwg8A0
‘Far too far’: Commentator reacts to Trump’s proposal on tariffs,CNN,2024-09-07T00:02:39Z,https://www.youtube.com/watch?v=e_ctidQ4jZs
"Opinion: Why Harris should show up as her ‘true, authentic self’ to the debate",CNN,2024-09-10T16:01:12Z,https://www.youtube.com/watch?v=-pjgyDL-GFo
&#39;Quit whining&#39;: See Haley&#39;s blunt advice to Trump,CNN,2024-08-14T11:29:55Z,https://www.youtube.com/watch?v=mQ1QQ5r3Knw
Oprah references Vance’s ‘childless cat lady’ comment,CNN,2024-08-22T03:58:08Z,https://www.youtube.com/watch?v=kmhWXtDPGF4
Scaramucci: ‘100%’ Trump will participate in another debate,CNN,2024-09-13T01:40:13Z,https://www.youtube.com/watch?v=mCfH2uahBOM
AOC at DNC: ‘Trump would sell this country for a dollar’,CNN,2024-08-20T03:19:14Z,https://www.youtube.com/watch?v=psWAgEsAxyY
Ex-Trump WH official says Harris is ‘right to see herself as the underdog’,CNN,2024-08-23T22:31:51Z,https://www.youtube.com/watch?v=3APxWfLbchc
See the results of a new Harris-Trump poll after the debate,CNN,2024-09-16T16:41:15Z,https://www.youtube.com/watch?v=6IkaOLUs-uA
Walz says his military ‘record speaks for itself’,CNN,2024-08-30T14:20:22Z,https://www.youtube.com/watch?v=EcgmteR1axk
See Harris and Trump shake hands at 9/11 service,CNN,2024-09-11T13:18:56Z,https://www.youtube.com/watch?v=FZOJ0kZeZDE
How Campaigns Use (And Misuse) Music,CNN,2024-08-29T10:41:38Z,https://www.youtube.com/watch?v=rpChsM9jTQ0
This is how voters feel about Trump&#39;s age,CNN,2024-08-14T15:36:22Z,https://www.youtube.com/watch?v=fwqUK_JMGvE
NYT journalist has a theory on Trump’s biggest liability following debate,CNN,2024-09-13T23:15:36Z,https://www.youtube.com/watch?v=38G32qNpgys
Smerconish: The two reasons a presidential prediction can’t be made yet,CNN,2024-09-07T14:19:45Z,https://www.youtube.com/watch?v=MGCXnQVoVAI
‘Clear momentum’: New polling shows voters’ enthusiasm for Harris,CNN,2024-08-12T12:31:14Z,https://www.youtube.com/watch?v=6IHtJwyKJsQ
Maggie Haberman on what Trump insiders say they wish he would’ve avoided during the debate,CNN,2024-09-11T23:05:04Z,https://www.youtube.com/watch?v=pzXJLIgNeuA
This group of voters is helping Harris cut into Trump’s lead in swing states,CNN,2024-08-14T00:32:01Z,https://www.youtube.com/watch?v=u4Z75irXoJc
Republican strategist grades Trump’s debate performance,CNN,2024-09-11T06:54:26Z,https://www.youtube.com/watch?v=Av7929nkvj0
See how Vance defends Trump&#39;s vulgar post about Harris and Clinton,CNN,2024-08-30T15:01:02Z,https://www.youtube.com/watch?v=oul6dIkJXh4
Harry Enten on what is rare about the Harris-Trump debate,CNN,2024-09-10T15:02:03Z,https://www.youtube.com/watch?v=8AprLs7bmKg
DNC kicks off as polls show Harris with edge over Trump nationally,CNN,2024-08-19T18:50:17Z,https://www.youtube.com/watch?v=32gcY7TgKPU
&#39;Staggeringly dishonest&#39;: CNN&#39;s Daniel Dale fact-checks Trump&#39;s debate performance,CNN,2024-09-11T12:35:45Z,https://www.youtube.com/watch?v=TGsxtIozHFA
Harris skewers Trump for incident at Arlington National Cemetery,CNN,2024-09-01T00:45:28Z,https://www.youtube.com/watch?v=VildLhpaI6U
Reporter asks Trump if mics should be muted at upcoming debate with Harris,CNN,2024-08-26T16:11:25Z,https://www.youtube.com/watch?v=kfBm2YaF5Pg
Obamas take on Trump and Harris ceremonially nominated: Must-watch moments from DNC day 2,CNN,2024-08-21T04:55:04Z,https://www.youtube.com/watch?v=3t3pVILDrdM
Undecided Pennsylvania voters react to Harris-Trump debate,CNN,2024-09-11T10:00:42Z,https://www.youtube.com/watch?v=fM07fxoIQlI
Republican strategist grades Trump’s debate performance,CNN,2024-09-11T06:54:26Z,https://www.youtube.com/watch?v=Av7929nkvj0
&#39;He&#39;s melting down&#39;: Van Jones reacts to Trump&#39;s latest Harris comments and other experts weigh in,CNN,2024-08-16T01:48:15Z,https://www.youtube.com/watch?v=zqRbne0erx8
Hear why Democrats in Trump country say they&#39;ve run out of Harris signs,CNN,2024-09-20T09:00:29Z,https://www.youtube.com/watch?v=VyyENcS85IE
‘Unprecedented number’ of Republicans set to take DNC stage,CNN,2024-08-20T19:25:37Z,https://www.youtube.com/watch?v=VkEtFBopz-Y
Former Biden-Harris Staffer Ashley Allison: “God help me. I’m agreeing with Karl Rove”,CNN,2024-09-07T03:03:33Z,https://www.youtube.com/watch?v=-rZtMlfTOxI
Trump’s 2024 ‘X’ Factor: His New Opponent,CNN,2024-08-14T08:39:52Z,https://www.youtube.com/watch?v=QtZAJz3dids
&#39;Reclaim this country&#39;s future&#39;: Former Republican lawmaker urges his party to vote for Harris,CNN,2024-08-14T13:35:22Z,https://www.youtube.com/watch?v=cnTJS3S2j6M
Harry Enten: Polling data shows 3 caution points for Democrats,CNN,2024-08-13T17:54:44Z,https://www.youtube.com/watch?v=l6bj2Data6c
"Exclusive: Conservative Republican endorses Harris, calls Trump a threat to democracy",CNN,2024-08-19T17:05:36Z,https://www.youtube.com/watch?v=waCCEYTDKAY
"Harris has a very special sorority connection, a benefit that goes far beyond 2024",CNN,2024-09-19T17:02:49Z,https://www.youtube.com/watch?v=72oJOLarUuw
&#39;There is no floor for him&#39;: Harris speaks out about Trump debate,CNN,2024-09-09T16:46:07Z,https://www.youtube.com/watch?v=bJ9xdAInG_0
Why these Black Virginia voters are all in for a second Trump term,CNN,2024-08-16T02:01:14Z,https://www.youtube.com/watch?v=o3v29B5Z8ec
"Harris erases Trump’s cash edge, new filings show",CNN,2024-08-21T17:23:24Z,https://www.youtube.com/watch?v=DydIJwFgCoY
Trump called Harris a communist. Pollster explains how voters are reacting,CNN,2024-08-16T21:30:12Z,https://www.youtube.com/watch?v=dGn8XKu3px4
New polls show change in Harris-Trump race in Pennsylvania,CNN,2024-09-09T13:40:03Z,https://www.youtube.com/watch?v=P9eMvXBXtFE
Opinion: How Donald Trump can use the economy to help his debate efforts,CNN,2024-09-10T14:11:35Z,https://www.youtube.com/watch?v=7FMqjoJBOQA
Trump allies do damage control as Harris rides fresh momentum post-debate,CNN,2024-09-12T15:50:34Z,https://www.youtube.com/watch?v=OTSOJOUzyIE
Trump blames apparent assassination attempt on Dems’ rhetoric,CNN,2024-09-17T15:18:20Z,https://www.youtube.com/watch?v=sdMiJ6stJZA
Hear Trump&#39;s reaction to Harris&#39; acceptance speech,CNN,2024-08-23T11:23:20Z,https://www.youtube.com/watch?v=WAvzquoHYms
‘Like watching ‘Grumpy Old Men’’: Columnist on Trump’s X conversation with Musk,CNN,2024-08-13T12:35:00Z,https://www.youtube.com/watch?v=xB3oRvD2a0k
Trump gives campaign speech on economy,CNN,2024-08-14T22:00:00Z,https://www.youtube.com/watch?v=0Odf4wJEoAU
These were the make or break moments of past presidential debates. Can Harris and Trump avoid them?,CNN,2024-09-10T15:51:15Z,https://www.youtube.com/watch?v=4VoM9QGwSiY
Polling reveals how voters in swing states see Harris and Trump&#39;s policies. Watch CNN coverage,CNN,2024-09-05T10:58:14Z,https://www.youtube.com/watch?v=aweBy8W97gY
"‘Foolish,’ ’Silly’: Nancy Pelosi reacts to Trump’s debate performance",CNN,2024-09-12T01:31:23Z,https://www.youtube.com/watch?v=4PVLZWcyGNU
These &#39;uncommitted&#39; DNC delegates want answers from Harris in Chicago,CNN,2024-08-19T16:35:03Z,https://www.youtube.com/watch?v=uyPLszo3nlI
Rape survivor shares her story at DNC,CNN,2024-08-20T12:15:32Z,https://www.youtube.com/watch?v=zozyrmoOkkI
Why Pelosi says she doesn&#39;t give advice to presidential candidates,CNN,2024-09-24T21:32:46Z,https://www.youtube.com/watch?v=WesfnrIx46I
"Trump posts that he’s accepted rules for September 10 debate, including muted mics",CNN,2024-08-27T20:33:51Z,https://www.youtube.com/watch?v=vtwjGIWcYRE
"Kamala’s arrival, AOC, and ‘We Love Joe’ chants: Must-watch moments from DNC day 1",CNN,2024-08-20T10:00:09Z,https://www.youtube.com/watch?v=9pJ0Azii10M
&#39;Unnecessary&#39;: Republican strategist reacts to Huckabee Sanders&#39; comments on Harris,CNN,2024-09-18T12:08:50Z,https://www.youtube.com/watch?v=OEtkr_CVMa8
Ex-Chief of Staff didn&#39;t want Biden to drop out of race. Hear if he thinks that was wrong,CNN,2024-08-15T02:15:03Z,https://www.youtube.com/watch?v=T7BzghqybUQ
&#39;Far more nefarious&#39;: Jake Tapper guesses what contributed to Trump&#39;s debate performance,CNN,2024-09-11T22:15:00Z,https://www.youtube.com/watch?v=Ah72xyINWBM
Trump posts that he won’t debate Harris again,CNN,2024-09-12T21:49:40Z,https://www.youtube.com/watch?v=RlBCIG7cdMo
Charlamagne tha God says this is why Harris has to do to win crucial battleground state,CNN,2024-08-29T02:56:56Z,https://www.youtube.com/watch?v=Qek_dFjAuYA
‘Stop’: McCarthy calls out Trump for focusing on crowd sizes,CNN,2024-08-12T15:35:02Z,https://www.youtube.com/watch?v=4lXjJDwzhkU
Historian who correctly predicted 9 of last 10 elections makes his 2024 pick,CNN,2024-09-06T13:35:30Z,https://www.youtube.com/watch?v=ld6x3wsuwG8
A look back at the viral moments from the Democratic National Convention,CNN,2024-08-23T17:26:13Z,https://www.youtube.com/watch?v=dRfTglsXkjU
CNN&#39;s Road to 270 shows Trump&#39;s advantage over Biden has evaporated with Harris at top of the ticket,CNN,2024-08-18T13:40:43Z,https://www.youtube.com/watch?v=uSmQBOPmJb4
Cupp calls Trump&#39;s attacks on Harris a &#39;crisis of confidence&#39;,CNN,2024-08-13T22:45:45Z,https://www.youtube.com/watch?v=2rtUIM44GME
Trump falsely claims photos of Harris’ crowd created with AI,CNN,2024-08-12T22:00:03Z,https://www.youtube.com/watch?v=5boq4j07irM
Why blue dots are popping up across Omaha,CNN,2024-09-05T16:24:01Z,https://www.youtube.com/watch?v=OoFOsV5Qm10
See the moment Harris and Trump meet for the first time at debate,CNN,2024-09-11T01:27:57Z,https://www.youtube.com/watch?v=I3M0Bzsy4JQ
Trump questions whether ABC debate will happen as Harris team presses for rules changes,CNN,2024-08-27T01:27:19Z,https://www.youtube.com/watch?v=6MYxTuq7i1A
Axios reporter: Harris ‘still not engaging nationally’ despite local news interview,CNN,2024-09-14T21:43:58Z,https://www.youtube.com/watch?v=eBZy6EwKrWo
"Jake Tapper: Vice President Harris may have won the debate, but she could still lose the election",CNN,2024-09-12T11:00:05Z,https://www.youtube.com/watch?v=2URdIcUgW-c
SE Cupp: ‘You can’t say Trump has no responsibility’ for these attacks and threats,CNN,2024-09-16T22:04:51Z,https://www.youtube.com/watch?v=-hbEafAUk8o
CNN asks Trump spokesperson why the campaign wants mics muted during debate,CNN,2024-08-29T14:09:51Z,https://www.youtube.com/watch?v=R7vrNapldu0
New Harris ad seeks to tie Trump to Project 2025,CNN,2024-08-28T15:23:21Z,https://www.youtube.com/watch?v=4a40TloDhsA
Trump once sold ‘Anybody Anytime Anyplace’ merch. Author breaks down how that’s changed post-debate,CNN,2024-09-12T23:02:50Z,https://www.youtube.com/watch?v=Ln6UWSqRnVY
‘On a razor’s edge’: Reporter reacts to new Trump-Harris polling that reveals tight race,CNN,2024-09-19T20:02:00Z,https://www.youtube.com/watch?v=e7gkEtJqAXk
"How RFK Jr.&#39;s possible Trump endorsement could impact the race, according to John King",CNN,2024-08-22T11:00:30Z,https://www.youtube.com/watch?v=bqlIAHCBNsI
The state of the presidential race six weeks from Election Day,CNN,2024-09-25T11:01:02Z,https://www.youtube.com/watch?v=toVowg8TprI
‘Absolutely surreal’: Former Trump aide opens up about her role at the DNC,CNN,2024-08-21T16:36:06Z,https://www.youtube.com/watch?v=7Lcb8grMGok
Biden addresses the elephant in the room,CNN,2024-08-20T13:26:14Z,https://www.youtube.com/watch?v=o59QNIAClHg
RFK Jr. running mate says they’re considering endorsing Trump,CNN,2024-08-21T12:27:42Z,https://www.youtube.com/watch?v=o6INiFwgGd0
&#39;Incredibly alarming&#39;: Ex-Pence adviser is concerned by Trump&#39;s debate answer,CNN,2024-09-11T15:52:49Z,https://www.youtube.com/watch?v=cIV5x8NXTG0
John King breaks down how the race has changed since Biden&#39;s exit,CNN,2024-08-13T11:47:25Z,https://www.youtube.com/watch?v=a8tlPU9rZew
Why Maggie Haberman thinks Trump likes to have far-right Laura Loomer around,CNN,2024-09-14T02:15:01Z,https://www.youtube.com/watch?v=TzBPc3SLyZM
‘Think Trump on steroids’: Adviser previews campaign strategy shift,CNN,2024-08-26T12:07:14Z,https://www.youtube.com/watch?v=AGvUIeuzVUc
Who has the momentum in the latest presidential polls? Data reporter Harry Enten breaks it down,CNN,2024-08-17T23:59:11Z,https://www.youtube.com/watch?v=wkjkQOiGj-g
Trump says he had ‘every right to’ interfere with presidential election,CNN,2024-09-02T13:08:39Z,https://www.youtube.com/watch?v=QGwc6SjBORo
&#39;Take it from an actual billionaire&#39;: Democratic governor goes after Trump in his DNC speech,CNN,2024-08-21T12:57:52Z,https://www.youtube.com/watch?v=wcym9ICCKdE
‘Frankly incriminating’: George Conway on Trump’s 2020 election claim,CNN,2024-09-03T16:23:55Z,https://www.youtube.com/watch?v=uBYYgmnd04E
Viral comedian brings energy to political impressions at the DNC,CNN,2024-08-22T18:07:25Z,https://www.youtube.com/watch?v=EV_gQWt8T3Q
Trump campaign casts fresh doubt on September debate,CNN,2024-08-26T13:34:02Z,https://www.youtube.com/watch?v=N89N1Ny0YMo
Watch full speech: Bill Clinton swipes at Trump’s age in DNC speech,CNN,2024-08-22T02:21:05Z,https://www.youtube.com/watch?v=0aQNh-CejyE
Republican on why he decided to speak at the DNC,CNN,2024-08-21T14:33:47Z,https://www.youtube.com/watch?v=4O_DQ-y6Yqk
"DNC night 3 in 30 minutes: Oprah&#39;s surprise, Stevie Wonder, and &#39;Coach Walz&#39;",CNN,2024-08-22T10:00:34Z,https://www.youtube.com/watch?v=Vbtepxx7B2Y
"Zakaria says Trump’s rise is not a fluke, and there’s one critical issue behind it",CNN,2024-09-09T12:53:27Z,https://www.youtube.com/watch?v=cyVG7cNUkxw
CNN rolls tape on resurfaced clips showing pattern of Vance attacking &#39;childless&#39; opponents,CNN,2024-08-28T14:40:11Z,https://www.youtube.com/watch?v=GqTiYC0Inlc
Killed service member’s mom on what Trump said to her on phone call,CNN,2024-08-26T20:03:16Z,https://www.youtube.com/watch?v=dIXZlWzW4ws
New CNN polls in battleground states show nailbiter in two key states,CNN,2024-09-04T12:04:41Z,https://www.youtube.com/watch?v=_T77heIM7Po
Don Lemon reacts to Elon Musk’s controversial post after apparent Trump assassination attempt,CNN,2024-09-17T12:48:43Z,https://www.youtube.com/watch?v=_uhpkM2zea0
Meet the Gen Z TikTokers making videos for Trump and Harris,CNN,2024-09-12T19:16:59Z,https://www.youtube.com/watch?v=rUhAvQLzcTk
Trump supporters tell reporter why they left his rally early,CNN,2024-09-13T13:26:59Z,https://www.youtube.com/watch?v=MEtMaeOcnqo
AOC claps back at Republicans who tell her to return to bartending,CNN,2024-08-20T11:56:59Z,https://www.youtube.com/watch?v=cRLkjt9c3jQ
Trump campaign bars volunteer after his email about Trump&#39;s strategy,CNN,2024-09-04T12:49:13Z,https://www.youtube.com/watch?v=GkW4Wjhsy7c
&#39;I don’t care about his feelings’: Trump&#39;s ex-attorney attends DNC,CNN,2024-08-23T16:04:27Z,https://www.youtube.com/watch?v=q_mVFP6DyXc
Mysterious blue dots are popping up on lawns across key battleground state. Here’s what they mean,CNN,2024-09-04T18:08:31Z,https://www.youtube.com/watch?v=Mnmdwuyanj8
"&#39;Bro, we broke up with you for a reason&#39;: Jeffries likens Trump to an old boyfriend",CNN,2024-08-22T17:31:01Z,https://www.youtube.com/watch?v=jXMt81aJOI4
Michelle Obama makes reference to Trump’s ‘Black jobs&#39;,CNN,2024-08-21T03:59:29Z,https://www.youtube.com/watch?v=JTfGd1LfUrA
Man held in apparent assassination attempt criticized Trump. This is what we know,CNN,2024-09-16T03:35:01Z,https://www.youtube.com/watch?v=WNlKqw924MY
Haberman shares new reporting on Trump&#39;s Arlington National Cemetery controversy,CNN,2024-08-29T11:33:16Z,https://www.youtube.com/watch?v=H_7rfBwFvRU
Fmr GA GOP Lt Gov Geoff Duncan: Heartbeat bill failed to account for all scenarios,CNN,2024-09-19T11:00:25Z,https://www.youtube.com/watch?v=JDscHG2ZMLU
Ex-Trump official says Trump was easy to manipulate,CNN,2024-08-26T17:18:01Z,https://www.youtube.com/watch?v=qnKig1o_VT4
&#39;Wake up moment&#39;: Ana Navarro on Marjorie Taylor Greene&#39;s response to Laura Loomer,CNN,2024-09-12T16:56:37Z,https://www.youtube.com/watch?v=3Ug6gJgV8T8
Trump&#39;s daughter-in-law pressed on his remarks about mail-in-ballots. Hear her response,CNN,2024-09-10T12:47:52Z,https://www.youtube.com/watch?v=DUhknxidgZ4
Rep. Dingell says this brought her &#39;right back down to earth&#39; after initial debate excitement,CNN,2024-09-12T18:40:19Z,https://www.youtube.com/watch?v=e70fwb2IIe8
New poll shows size of gender gap in 2024 race,CNN,2024-08-17T15:52:56Z,https://www.youtube.com/watch?v=SrYXZTrMzao
&#39;Asinine comments&#39;: Trump-supporting governor reacts to Trump&#39;s Medal of Honor statement,CNN,2024-08-18T23:45:50Z,https://www.youtube.com/watch?v=yIyiA6OhENE
Harry Enten identifies ‘never-seen-before&#39; presidential race data point,CNN,2024-09-06T15:16:30Z,https://www.youtube.com/watch?v=OHn6shOgih4
Trump makes wild claim about 2020 election in California,CNN,2024-08-28T16:50:02Z,https://www.youtube.com/watch?v=zA3iMouyJRs
Members of exonerated ‘Central Park Five’ speak at DNC,CNN,2024-08-23T01:15:02Z,https://www.youtube.com/watch?v=WPEmL8ol0N4
Liz Cheney calls out Nikki Haley over supporting Trump,CNN,2024-09-09T11:55:30Z,https://www.youtube.com/watch?v=PwaB2GTgVCw
Trump is lying about the border and using a deceptive chart to help him,CNN,2024-08-27T14:11:11Z,https://www.youtube.com/watch?v=nFM7_qay71k
Longtime Republican says she’s ‘elated’ to be hosting night two of the DNC,CNN,2024-08-20T14:58:56Z,https://www.youtube.com/watch?v=etlDuPiUnOM
Hear how John Kelly responded to Trump’s comments on Medal of Honor recipients,CNN,2024-08-20T14:08:57Z,https://www.youtube.com/watch?v=uyrdCzHm-Qg
US Army rebukes Trump campaign for incident at Arlington National Cemetery,CNN,2024-08-29T17:17:25Z,https://www.youtube.com/watch?v=TxEqhoMTQ74
The facts behind Vance and Walz’s military record,CNN,2024-08-19T15:39:23Z,https://www.youtube.com/watch?v=BqC5wB9qzSA
Project 2025 co-author discusses work in hidden-camera video,CNN,2024-08-15T16:52:24Z,https://www.youtube.com/watch?v=T8G8yBwF_tQ
&#39;Tyrannical&#39;: AZ election official responds to Trump&#39;s ominous warning,CNN,2024-09-09T14:48:10Z,https://www.youtube.com/watch?v=pJdvtJngt8o
