user-core-screen_name,created_at,full_text,url
KamalaHarris,2024-09-11T02:25:25.000Z,"Let's remember Charlottesville—a mob of people carrying tiki torches, spewing anti-semitic hate and what did Trump say? “There were fine people on each side.”

It's time to turn the page, stand for our democracy, and to end the chaos.
https://t.co/aIs9qmIz2i",https://x.com/KamalaHarris/status/1833693298973892835
KamalaHarris,2024-09-12T03:03:26.000Z,"Donald Trump calls America a “failing nation.”

That’s not who we are, and Americans deserve a leader who believes in our future. 

Watch our new ad: https://t.co/7SmiLbnzdw",https://x.com/KamalaHarris/status/1834065253925040128
KamalaHarris,2024-08-28T12:08:58.000Z,"Project 2025 is the blueprint for Trump to make himself the most powerful president ever. 

We can’t let him win.

Watch our new ad: https://t.co/GIUtYsStdg",https://x.com/KamalaHarris/status/1828766724012867803
KamalaHarris,2024-09-12T20:12:48.000Z,"The people who served under Donald Trump as president believe that he should never be allowed back in the Oval Office.

His national security advisor.
His defense secretary.
His chief of staff.
His vice president.

All have warned America: Donald Trump is not fit to be president.",https://x.com/KamalaHarris/status/1834324303590142065
KamalaHarris,2024-09-12T00:09:01.000Z,I will be a president that protects our fundamental rights and freedoms—including the freedom of a woman to make decisions about her own body.,https://x.com/KamalaHarris/status/1834021358679806116
KamalaHarris,2024-08-28T21:12:01.000Z,"Our campaign is not just about us versus Donald Trump. It is about two different visions for our nation: One focused on the future, the other on the past. 

We fight for the future.",https://x.com/KamalaHarris/status/1828903386663506087
KamalaHarris,2024-09-04T14:58:01.000Z,"Unlike Donald Trump, I promise to put middle-class and working-class families first. 

Because we know: When the middle class is strong, America is strong.",https://x.com/KamalaHarris/status/1831345981117374815
KamalaHarris,2024-09-11T02:09:00.000Z,"I have the endorsement of 200 Republicans who formerly worked with President Bush, Mitt Romney, and John McCain. https://t.co/iKGSiQ5tYN",https://x.com/KamalaHarris/status/1833689169370976522
KamalaHarris,2024-09-22T21:05:26.000Z,"I will make sure good-paying jobs are available to all Americans, not just those with college degrees. https://t.co/foJdYhvurt",https://x.com/KamalaHarris/status/1837961427581018578
KamalaHarris,2024-08-17T15:30:38.000Z,"I grew up in a middle-class household. For most of my childhood, we were renters.

My mother saved for well over a decade to buy a home. I was a teenager when the day finally came—and I can still remember how excited she was.

In college, I worked at McDonald’s to earn spending money. Some of the people I worked with were raising families on that paycheck. They worked second or even third jobs to pay rent and buy food.

That only gets harder when the cost of living goes up.

When I am elected President, I will make it a top priority to bring down costs and increase economic security for all Americans.",https://x.com/KamalaHarris/status/1824831207839818148
KamalaHarris,2024-08-30T01:28:19.000Z,"The American people are ready for a new way forward.

Our former president has pushed an agenda that diminishes the character and strength of who we are as Americans, and divides our nation.

People are ready to turn the page.
https://t.co/yyd4tBqdMu",https://x.com/KamalaHarris/status/1829330275823702247
KamalaHarris,2024-08-27T13:30:05.000Z,"70 days until Election Day.

Let’s get this done.",https://x.com/KamalaHarris/status/1828424751242522687
KamalaHarris,2024-08-26T01:07:00.000Z,"As President, I will never waver in defense of America's security and ideals, because in the enduring struggle between democracy and tyranny, I know where I stand—and I know where the United States belongs.",https://x.com/KamalaHarris/status/1827875358772695514
KamalaHarris,2024-08-21T15:01:04.000Z,"Thank you, Milwaukee. https://t.co/QLhbiRfEQA",https://x.com/KamalaHarris/status/1826273321178022030
KamalaHarris,2024-09-22T14:34:41.000Z,"For too long, seniors have had to cut their pills in half because they cannot afford their full medication. 

That’s not fair.

Our parents and grandparents deserve respect and dignity. https://t.co/MzOSOsrlzK",https://x.com/KamalaHarris/status/1837863090471252057
KamalaHarris,2024-09-21T22:01:00.000Z,"If reelected, Donald Trump intends to: 

Give tax cuts to billionaires and big corporations 
Gut Social Security and Medicare 
Repeal the Affordable Care Act 

We are not going back.",https://x.com/KamalaHarris/status/1837613023550230806
KamalaHarris,2024-08-12T00:52:20.000Z,"If Donald Trump wins in November, he will once again implement policies that target the LGBTQ+ community.

We know he will—just look at what he did his first term in office. https://t.co/quwxlynNa7",https://x.com/KamalaHarris/status/1822798239596229052
KamalaHarris,2024-09-11T01:55:57.000Z,"Go to one of Donald Trump’s rallies. He talks about Hannibal Lecter, windmills causing cancer—and you will even notice people leaving early out of boredom.

The one thing you will not hear him talk about is you.
https://t.co/cbIgKnchoj",https://x.com/KamalaHarris/status/1833685883423215617
KamalaHarris,2024-08-23T04:02:05.000Z,"It is now our turn to do what generations before us have done.
 
Guided by optimism and faith, to fight for this country we love. 
 
So let’s get out there, and let’s fight for it. 
 
Let’s get out there, and let’s vote for it. https://t.co/WpZO0PhuHF",https://x.com/KamalaHarris/status/1826832256582746218
KamalaHarris,2024-08-27T19:31:00.000Z,"Even if aspiring homeowners save for years, it is often still not enough. 

My administration will provide first-time homebuyers with $25,000 to help with the down payment on a new home.",https://x.com/KamalaHarris/status/1828515578165723267
KamalaHarris,2024-08-15T23:30:01.000Z,"When I am President, it will be a day one priority to bring down prices. 

I’ll take on big corporations that engage in illegal price gouging and corporate landlords that unfairly raise rents on working families.",https://x.com/KamalaHarris/status/1824227075605086619
KamalaHarris,2024-09-19T18:26:02.000Z,"One does not have to abandon their faith or deeply held beliefs to agree: The government, and certainly Donald Trump, should not be telling a woman what to do with her body.",https://x.com/KamalaHarris/status/1836834148062732700
KamalaHarris,2024-09-13T01:42:53.000Z,"Donald Trump and I are two very different people—and we would make two very different presidents.

Watch our new ad: https://t.co/X7kZRarF6l",https://x.com/KamalaHarris/status/1834407369490464862
KamalaHarris,2024-09-23T15:24:01.000Z,"Donald Trump wants to impose a Trump Sales Tax on everyday, basic necessities. It will cost the average American family nearly $4,000 a year. 

My plan would build an opportunity economy that puts workers and families first—so Americans can not just get by, but get ahead.",https://x.com/KamalaHarris/status/1838237893988360485
KamalaHarris,2024-09-11T02:43:45.000Z,Let’s talk about what Donald Trump left us. https://t.co/qiFoChcKJp,https://x.com/KamalaHarris/status/1833697914226368978
KamalaHarris,2024-08-17T18:09:16.000Z,"Donald Trump fights for billionaires and large corporations.

I will fight to give money back to working and middle-class Americans. https://t.co/xjjsfN1Fo4",https://x.com/KamalaHarris/status/1824871128071876802
KamalaHarris,2024-09-10T18:46:02.000Z,"When I’m president, I will take on corporate landlords that unfairly raise rents on working families.",https://x.com/KamalaHarris/status/1833577692567945365
KamalaHarris,2024-08-29T23:40:22.000Z,Had to get a sweet treat at Dottie’s Market in Savannah. https://t.co/HqaUkB7Qrz,https://x.com/KamalaHarris/status/1829303107429212229
KamalaHarris,2024-09-12T20:08:45.000Z,"Donald Trump called for the “termination” of the Constitution of the United States.

Let us be clear: Somebody who suggests we should terminate the Constitution should never again stand behind the seal of the President of the United States of America.",https://x.com/KamalaHarris/status/1834323284009390194
KamalaHarris,2024-08-13T16:30:06.000Z,"In this election, we each face a question: What kind of country do we want to live in?

The beauty of our democracy is that we have the power to answer—with our vote and with our voice. 

Make sure your voice is heard: https://t.co/VbrfuqVy9P",https://x.com/KamalaHarris/status/1823396621268201859
KamalaHarris,2024-08-26T12:08:06.000Z,I want every little girl across our country to know this: You can do anything—even if it has never been done before. https://t.co/PqRmwLJsun,https://x.com/KamalaHarris/status/1828041729670299955
KamalaHarris,2024-09-20T01:04:00.000Z,"It is so good to be with @Oprah for a town hall to speak directly with Americans about the issues on their minds in this election. 

Our campaign is about who we are as Americans—and making clear that we stand for freedom, independence, and dignity. 
https://t.co/5k8h5Ra7Uk",https://x.com/KamalaHarris/status/1836934301453099356
KamalaHarris,2024-09-18T00:40:31.000Z,"Donald Trump’s abortion bans jeopardized IVF access for families across America. 

Today, his Republican allies in Congress once again voted against protecting IVF.

They can’t say they care about families if they don't care about this. https://t.co/Hrr5cxRbcQ",https://x.com/KamalaHarris/status/1836203613913330050
KamalaHarris,2024-09-12T15:13:02.000Z,I will be a president for all Americans.,https://x.com/KamalaHarris/status/1834248864599015809
KamalaHarris,2024-09-14T12:30:28.000Z,"As a prosecutor and for my entire career, I've only had one client: the people.

Donald Trump only cares about himself—and he has the rap sheet to prove it. 

It’s time to turn the page. 

Watch our new ad: https://t.co/RpsVGVDSCj",https://x.com/KamalaHarris/status/1834932729508462904
KamalaHarris,2024-09-13T15:22:21.000Z,"It’s going to be a tight race until the end. 

Powerful forces are trying to convince people that their vote doesn’t matter. 

We’ve got some work ahead of us, but here’s the thing: Hard work is good work. 

With your help, we will win in November. https://t.co/84xSjo2n96",https://x.com/KamalaHarris/status/1834613597562864071
KamalaHarris,2024-08-24T18:15:26.000Z,"Under my economic plan, more than 100 million Americans will get a tax cut.

We will do this by restoring and expanding the Earned Income Tax Credit and the Child Tax Credit. https://t.co/cgO2FOeRvz",https://x.com/KamalaHarris/status/1827409398307738007
KamalaHarris,2024-08-23T05:26:43.000Z,"That's a wrap on @demconvention. Next stop: Election Day. 

Help us win: https://t.co/GV81vxm9KQ https://t.co/KSXt6EgFxa",https://x.com/KamalaHarris/status/1826853556441215202
KamalaHarris,2024-08-13T14:49:04.000Z,"I've served as a U.S. Senator, an Attorney General, and a district attorney and courtroom prosecutor.

In those roles, I took on predators who abused women, fraudsters who ripped off consumers, and scammers who broke the rules. 

I know Donald Trump’s type.",https://x.com/KamalaHarris/status/1823371196836057163
KamalaHarris,2024-09-06T03:19:16.000Z,"School shootings are not just a fact of life.

It doesn’t have to be this way. We can take action to protect our children—and we will.",https://x.com/KamalaHarris/status/1831894912985657387
KamalaHarris,2024-08-30T20:15:15.000Z,"Donald Trump made his position clear when he hand-picked three Supreme Court justices to overturn Roe—which has decimated reproductive freedom and jeopardized IVF access for American women.

I have never wavered on this, so believe me when I say: I will always protect reproductive freedom.",https://x.com/KamalaHarris/status/1829613876951822381
KamalaHarris,2024-08-21T05:39:41.000Z,"I am honored to be the nominee for President of the United States. 

 Now, let’s get to work. https://t.co/BuJzNTITLt",https://x.com/KamalaHarris/status/1826132042863538529
KamalaHarris,2024-09-11T01:16:17.000Z,"Let's talk about what Donald Trump left us:

— The worst unemployment since the Great Depression
— The worst public health epidemic in a century
— The worst attack on our democracy since the Civil War

President @JoeBiden and I have cleaned up his mess.",https://x.com/KamalaHarris/status/1833675903001395557
KamalaHarris,2024-09-17T17:45:33.000Z,"We are the heirs to the greatest democracy in the history of the world.

Generations before us fought for the freedom to vote. Now, we must use the power of our votes to protect the freedoms we hold dear.

Commit to vote in the 2024 election: https://t.co/NBK5sUI92V https://t.co/pNpH1qGscB",https://x.com/KamalaHarris/status/1836099183800988126
KamalaHarris,2024-08-29T13:59:21.000Z,"900 pages that would hand Donald Trump unprecedented power to:

Ban abortion nationwide.
Rip away affordable health care.
Cancel student loan relief.
And much more.

We will defeat his dangerous Project 2025 agenda at the ballot box in November. https://t.co/pOdBlKaDVA",https://x.com/KamalaHarris/status/1829156891513045380
KamalaHarris,2024-09-18T11:35:00.000Z,"After a violation of their bodies, survivors of rape and incest are being told they cannot make decisions about what happens to them next—all because of Trump Abortion Bans.

This is immoral. Women and girls like Hadley deserve better. https://t.co/PA3EiYELA5",https://x.com/KamalaHarris/status/1836368320834212256
KamalaHarris,2024-09-13T13:21:31.000Z,"It's a tragedy that we have someone who wants to be president, and has consistently used race to divide the American people.

The vast majority of us know that we have so much more in common than what separates us. https://t.co/rntbTwyvOJ",https://x.com/KamalaHarris/status/1834583186535305455
KamalaHarris,2024-09-11T06:47:15.000Z,"I stopped by a debate watch party in Philly before the end of the night. 

Hard work is good work. And we are going to win. https://t.co/DTXMNfH25F",https://x.com/KamalaHarris/status/1833759193456677085
KamalaHarris,2024-08-30T02:01:39.000Z,"Donald Trump killed our bill to secure the border in order to help himself politically.

It would have added more border agents and allowed us to increase fentanyl seizures.

As President, I will make sure that bill gets back to my desk—and I will sign it.
https://t.co/psDbSdDSMG",https://x.com/KamalaHarris/status/1829338662854656424
KamalaHarris,2024-09-08T15:39:17.000Z,"As a young girl visiting my grandparents in India, my grandfather took me on his morning walks, where he would discuss the importance of fighting for equality and fighting corruption. He was a retired civil servant who had been part of the movement to win India’s independence.

My grandmother traveled across India—bullhorn in hand—to speak with women about accessing birth control.

Their commitment to public service and fight for a better future live on in me today.

Happy National Grandparents Day to all the grandparents who help shape and inspire the next generation.",https://x.com/KamalaHarris/status/1832805919781974438
KamalaHarris,2024-09-01T00:02:26.000Z,The secret ingredient for my greens? Tabasco. https://t.co/zsooG51YaW,https://x.com/KamalaHarris/status/1830033436683215146
KamalaHarris,2024-09-03T19:04:08.000Z,"I love our country with all my heart. Together, we must get out there and fight for it. https://t.co/TMyu15lQSs",https://x.com/KamalaHarris/status/1831045530069193086
KamalaHarris,2024-09-03T14:50:29.000Z,"We are not going to let Donald Trump sell out middle class families again. 

Watch our latest ad: https://t.co/4vsk4SzUdO",https://x.com/KamalaHarris/status/1830981698818843042
KamalaHarris,2024-09-06T18:55:01.000Z,"Donald Trump’s Project 2025 is a plan to weaken America’s middle class.

But we won’t let him win—because we know when the middle class is strong, America is strong.",https://x.com/KamalaHarris/status/1832130399079698702
KamalaHarris,2024-09-01T23:45:00.000Z,"In this election, we each face a question: What kind of country do we want to live in?

A country of chaos, fear, and hate? Or one of freedom, compassion, and rule of law?

Each of us has the power to answer that question with our vote.",https://x.com/KamalaHarris/status/1830391439013838944
KamalaHarris,2024-09-01T20:06:05.000Z,We won’t let him. https://t.co/dLg9QOzkiI,https://x.com/KamalaHarris/status/1830336346310754456
KamalaHarris,2024-08-12T22:30:24.000Z,"Thank you for the warm midwest welcome, Wisconsin and Michigan.

With your help, we are going to win in November. https://t.co/bdzprQ6XvA",https://x.com/KamalaHarris/status/1823124907133173865
KamalaHarris,2024-08-23T02:59:41.000Z,"On behalf of everyone whose story could only be written in the greatest nation on Earth, I accept your nomination to be the President of the United States of America.",https://x.com/KamalaHarris/status/1826816550931702207
KamalaHarris,2024-09-06T15:53:02.000Z,"In the next 60 days, we know what we need to do: 

Knock on doors.
Register folks to vote. 
Get people to the polls. 

Every day matters.",https://x.com/KamalaHarris/status/1832084604108325299
KamalaHarris,2024-09-07T22:42:00.000Z,"Donald Trump intends to end the Affordable Care Act—which would take us back to a time where insurance companies had the power to deny people with preexisting conditions. 

We are not going back.",https://x.com/KamalaHarris/status/1832549910727520268
KamalaHarris,2024-09-20T02:35:04.000Z,"There is so much at stake in this election, and, ultimately, the question before us is: What kind of country do we want to live in?

The beauty of a democracy, as long as we can hold on to it, is that each of us has the power to answer that question.

https://t.co/MKvOQGgN2t https://t.co/HlUwi1HfmM",https://x.com/KamalaHarris/status/1836957218643526058
KamalaHarris,2024-08-21T03:29:45.000Z,"Love you, Dougie. https://t.co/nypKuWJNO2",https://x.com/KamalaHarris/status/1826099344610652178
KamalaHarris,2024-08-23T05:12:36.000Z,"We know what a second Trump term would look like. It's all laid out in Project 2025, written by his closest advisors. 

And its sum total is to pull our country back to the past. 

But America: We are not going back. https://t.co/iM6yVHBbKC",https://x.com/KamalaHarris/status/1826850000556490876
KamalaHarris,2024-08-17T16:38:00.000Z,"Building up the middle class will be a defining goal of my presidency. 

Because when the middle class is strong, America is strong.",https://x.com/KamalaHarris/status/1824848162030244004
KamalaHarris,2024-08-23T03:11:40.000Z,"As President, I will grow our economy.
 
And I’ll lower the cost of everyday needs like healthcare, housing, and groceries.",https://x.com/KamalaHarris/status/1826819568293064954
KamalaHarris,2024-08-29T22:07:38.000Z,"If Donald Trump wins, he will not only sign an abortion ban—he also intends to create a national anti-abortion coordinator, forcing states to report on women’s miscarriages and abortions.",https://x.com/KamalaHarris/status/1829279771978842194
KamalaHarris,2024-08-31T21:45:07.000Z,"Two middle-class kids.  

One, a daughter of Oakland, California, who was raised by a working mother and had a summer job at McDonald’s.   

The other, a son of the Nebraska plains, who spent summers on the farm.   

Only in America is it possible that the two of us would be running together all the way to the White House.",https://x.com/KamalaHarris/status/1829998879573442881
KamalaHarris,2024-08-20T04:33:34.000Z,"We love you, Joe.",https://x.com/KamalaHarris/status/1825753015497662642
KamalaHarris,2024-09-10T18:03:05.000Z,"Building up the middle class will be a defining goal of my presidency. 

This is personal to me. The middle class is where I come from. 

My mother kept a strict budget. We lived within our means, yet we wanted for little. And she expected us to make the most of the opportunities that were available to us and to be grateful for them because, as she taught us, opportunity is not available to everyone.

As president, that’s why I will work to create an opportunity economy where everyone has the chance to compete and succeed—whether you live in a rural area, small town, or big city.",https://x.com/KamalaHarris/status/1833566884156870911
KamalaHarris,2024-08-15T16:45:21.000Z,Bringing back the joy—one selfie at a time. https://t.co/DnihdfQmFw,https://x.com/KamalaHarris/status/1824125237362929761
KamalaHarris,2024-09-09T11:57:26.000Z,"Take it from the people who worked for him: Donald Trump is a danger to our troops, our security, and our democracy.

He should never again stand behind the seal of the President of the United States. 

Watch our new ad: https://t.co/LWiyK1sfnm",https://x.com/KamalaHarris/status/1833112474893082878
KamalaHarris,2024-08-20T01:55:39.000Z,It is so great to be back in Chicago.,https://x.com/KamalaHarris/status/1825713275369304258
KamalaHarris,2024-09-11T04:38:33.000Z,We are not going back. https://t.co/KQhrCvvfgh,https://x.com/KamalaHarris/status/1833726801006256222
KamalaHarris,2024-08-23T05:18:20.000Z,"Donald Trump and his allies would limit access to birth control, ban medication abortion, and enact a nationwide abortion ban.

Simply put, they are out of their minds. https://t.co/l2uxAI75of",https://x.com/KamalaHarris/status/1826851447071178896
KamalaHarris,2024-08-23T03:24:18.000Z,"This election is not only the most important of our lives, it is one of the most important in the life of our nation.

In many ways, Donald Trump is an unserious man—but the consequences of putting him back in the White House are extremely serious.

And we’re not going back.",https://x.com/KamalaHarris/status/1826822746640154989
KamalaHarris,2024-09-11T02:13:42.000Z,Donald Trump was fired by 81 million people.,https://x.com/KamalaHarris/status/1833690349463543880
KamalaHarris,2024-09-12T23:33:00.000Z,"Let me be clear: I will always put the middle class and working families first.

I know where I came from.",https://x.com/KamalaHarris/status/1834374683518480772
KamalaHarris,2024-09-21T16:25:46.000Z,"I will gladly accept a second presidential debate on October 23.

I hope @realDonaldTrump will join me.",https://x.com/KamalaHarris/status/1837528658275143694
KamalaHarris,2024-08-14T16:36:11.000Z,"It was fantastic traveling across the country to meet voters with @Tim_Walz last week. 

When we fight, we… https://t.co/CvmZRqwXKv",https://x.com/KamalaHarris/status/1823760542210671092
KamalaHarris,2024-09-13T23:28:23.000Z,"Thank you, Pennsylvania!

When people try to divide this nation and make us feel small and alone, moments like this remind us we're all in this together—as one loving community. https://t.co/dw5Kmbxr20",https://x.com/KamalaHarris/status/1834735909641539661
KamalaHarris,2024-08-31T16:14:09.000Z,"As Vice President, I have had the privilege of visiting Arlington National Cemetery several times. It is a solemn place; a place where we come together to honor American heroes who have made the ultimate sacrifice in service of this nation.

It is not a place for politics.

And yet, as was reported this week, Donald Trump’s team chose to film a video there, resulting in an altercation with cemetery staff. Let me be clear: the former president disrespected sacred ground, all for the sake of a political stunt.

This is nothing new from Donald Trump. This is a man who has called our fallen service members “suckers” and “losers” and disparaged Medal of Honor recipients. 

A man who, during a previous visit to the cemetery, reportedly said of fallen service members, “I don’t get it. What was in it for them?”

This is a man who is unable to comprehend anything other than service to himself. 

If there is one thing on which we as Americans can all agree, it is that our veterans, military families, and service members should be honored, never disparaged, and treated with nothing less than our highest respect and gratitude. 

And it is my belief that someone who cannot meet this simple, sacred duty should never again stand behind the seal of the President of the United States of America.

I will always honor the service and sacrifice of all of America’s fallen heroes, who made the ultimate sacrifice on behalf of our beloved nation and our cherished freedoms. I mourn them and salute them. And I will never politicize them.",https://x.com/KamalaHarris/status/1829915590468731167
KamalaHarris,2024-09-13T23:38:00.000Z,"For far too long, our nation has encouraged one path to success: a four-year college degree.

As president, I will get rid of the unnecessary degree requirement for federal jobs.",https://x.com/KamalaHarris/status/1834738329624916348
KamalaHarris,2024-09-13T20:44:11.000Z,"Our campaign is fueled by hope, optimism, and our love of our country—and we know there is a lot of work to be done until Election Day.

That is why I am looking forward to joining @Oprah for her Unite for America 2024 livestream event on September 19. 

Sign up to join us: https://t.co/UI4njCoRZO",https://x.com/KamalaHarris/status/1834694587421532396
KamalaHarris,2024-09-18T02:08:46.000Z,"A young mother from Georgia should be alive today, raising her son and pursuing her dream of attending nursing school.

This is exactly what we feared when Roe v. Wade was struck down. In more than 20 states, Trump Abortion Bans prevent doctors from providing basic medical care.",https://x.com/KamalaHarris/status/1836225824510324818
KamalaHarris,2024-08-28T19:30:08.000Z,"Emmett Till was murdered in 1955. He was only 14 years old. 

As a U.S. senator, I led the effort to make lynching a federal hate crime. 

As Vice President, I proudly stood beside @JoeBiden as he signed the Emmett Till Antilynching Act into law.

As President, I will continue the fight for equality and justice.",https://x.com/KamalaHarris/status/1828877747650691247
KamalaHarris,2024-08-31T12:34:08.000Z,"Donald Trump is surrendering to his advisors who won't allow him to debate with a live microphone. If his own team doesn't have confidence in him, the American people definitely can’t.

We are running for President of the United States. Let’s debate in a transparent way—with the microphones on the whole time.",https://x.com/KamalaHarris/status/1829860220912222335
KamalaHarris,2024-09-11T02:33:16.000Z,"World leaders are laughing at Donald Trump. Military leaders call him a disgrace.

The American people deserve better.",https://x.com/KamalaHarris/status/1833695275275129204
KamalaHarris,2024-08-25T19:32:26.000Z,"It is our turn to do what generations before us have done—to fight for this country we love, and the ideals we cherish.

So, let’s get out there and fight for it.

And, together, let us write the next great chapter in the most extraordinary story ever told. https://t.co/48nl2mqS8l",https://x.com/KamalaHarris/status/1827791160955285972
KamalaHarris,2024-08-26T18:30:11.000Z,"From the courthouse to the White House, fighting for the American people has been my life's work. https://t.co/KgjUXNm2Qu",https://x.com/KamalaHarris/status/1828137883984605421
KamalaHarris,2024-08-24T21:34:00.000Z,"Trump hand-picked three members of the Supreme Court because he intended for them to overturn Roe v Wade—as he intended, they did.

If he is re-elected, we know he will sign a national abortion ban.

As President, I will restore reproductive freedom.",https://x.com/KamalaHarris/status/1827459367920185795
KamalaHarris,2024-09-03T17:45:01.000Z,"My entire career, I’ve only had one client: The people.",https://x.com/KamalaHarris/status/1831025622216298499
KamalaHarris,2024-08-20T02:40:21.000Z,"Thank you, @JoeBiden, for your historic leadership and for all you continue to do. 

We are forever grateful. https://t.co/vrQSnBVTWv",https://x.com/KamalaHarris/status/1825724522844062193
KamalaHarris,2024-08-31T14:52:09.000Z,"First, he got Roe overturned.
Then, he got abortion banned in 20 states.
Now he’s voting for an abortion ban in the state where he lives.

If elected, he’ll sign a nationwide abortion ban if it crosses his desk.",https://x.com/KamalaHarris/status/1829894952274231664
KamalaHarris,2024-09-05T18:26:02.000Z,"Our teachers, nurses, and firefighters should not be paying more in taxes than billionaires.

That’s why I support a billionaire minimum tax and will ensure corporations pay their fair share.",https://x.com/KamalaHarris/status/1831760720872058898
KamalaHarris,2024-09-02T13:57:06.000Z,"On Labor Day, we honor workers, unions, and the entire labor movement fighting for fair wages, good benefits, and safer working conditions for all.

As President, I will always stand with workers, because when unions are strong, the middle class is strong. And when the middle class is strong, America is strong.",https://x.com/KamalaHarris/status/1830605875360239720
KamalaHarris,2024-09-02T17:50:06.000Z,"When I am President, we will pass the PRO Act and end union-busting once and for all.",https://x.com/KamalaHarris/status/1830664514356027466
KamalaHarris,2024-09-24T01:06:00.000Z,"Donald Trump’s abortion bans have created a health care crisis. 

I trust women to make decisions about their own bodies.",https://x.com/KamalaHarris/status/1838384355397243107
KamalaHarris,2024-09-22T00:20:00.000Z,"Donald Trump intends to end the Affordable Care Act.

He has no plans to replace it.

Only ""concepts of a plan.""",https://x.com/KamalaHarris/status/1837648003164717387
KamalaHarris,2024-09-08T17:07:21.000Z,"We are all in this together, standing strong. https://t.co/DMzKqI3Pnk",https://x.com/KamalaHarris/status/1832828079267356725
KamalaHarris,2024-09-10T19:35:01.000Z,"We are making it so medical debt will no longer be used against your credit score. 

And as president, I will work to cancel medical debt for millions of Americans.",https://x.com/KamalaHarris/status/1833590016691327154
KamalaHarris,2024-09-08T18:35:01.000Z,"If Donald Trump wants to pick a fight over our most fundamental freedoms, we say: Bring it on. https://t.co/GZ1fiVM5Wv",https://x.com/KamalaHarris/status/1832850144863076666
KamalaHarris,2024-08-13T20:26:00.000Z,"This election is about which direction our country is going to go in. 

Donald Trump’s Project 2025 Agenda will take us backward. 

We will not let him win.",https://x.com/KamalaHarris/status/1823455989934219739
KamalaHarris,2024-09-08T20:47:05.000Z,I look forward to using my new seasonings from Penzeys Spices in Pittsburgh at our next Sunday family dinner. https://t.co/qQibG7kTRR,https://x.com/KamalaHarris/status/1832883379592667595
KamalaHarris,2024-08-14T18:00:11.000Z,"For 89 years, Social Security has made the difference between poverty or peace of mind for millions of seniors, people with disabilities, and other beneficiaries.

Donald Trump is a threat to these bedrock programs. As President, I will protect and expand them.",https://x.com/KamalaHarris/status/1823781681762857388
KamalaHarris,2024-08-23T16:00:52.000Z,"Together, let us write the next great chapter in the most extraordinary story ever told. https://t.co/yQkwUGfgyQ",https://x.com/KamalaHarris/status/1827013143433826634
KamalaHarris,2024-09-01T18:59:00.000Z,"He said we should “punish” women who have an abortion.
He said he is “proud” of his role in ending Roe.
He unleashed extreme abortion bans across the country. 

Donald Trump’s record and position on reproductive freedom are clear.",https://x.com/KamalaHarris/status/1830319463884890498
KamalaHarris,2024-09-11T01:13:35.000Z,Donald Trump has no plan for you.,https://x.com/KamalaHarris/status/1833675221368259013
KamalaHarris,2024-08-15T02:12:41.000Z,"I could not imagine a better partner than @Tim_Walz to lead our campaign.

Watch our full conversation tomorrow: https://t.co/9Q9lF2oR7S https://t.co/gTPZVoPVQ8",https://x.com/KamalaHarris/status/1823905620585480435
KamalaHarris,2024-09-10T22:45:08.000Z,"In this election, Americans have a choice. https://t.co/FWEhTKc2Hv",https://x.com/KamalaHarris/status/1833637861528084828
KamalaHarris,2024-09-09T16:52:21.000Z,"Donald Trump has made his stance on reproductive freedoms clear. 

To put it bluntly: He doesn’t trust women. https://t.co/hQ5AS9eKwi",https://x.com/KamalaHarris/status/1833186695799267719
KamalaHarris,2024-09-14T17:11:21.000Z,"Gen Z is ready to lead, and shape a better tomorrow.

America’s future is bright. https://t.co/tlYOMQh0gL",https://x.com/KamalaHarris/status/1835003414045986937
KamalaHarris,2024-09-05T20:20:00.000Z,"In more than 20 states, there is a Trump Abortion Ban—many with no exceptions, even for rape and incest. 

If Donald Trump were to win, he would sign a national abortion ban.",https://x.com/KamalaHarris/status/1831789400784584857
KamalaHarris,2024-08-27T11:02:24.000Z,"My mother saved for years to buy a home. I was a teenager when that day finally came—I remember how excited she was.

Right now, home ownership is out of reach for too many Americans.

When I am President, we will end the housing shortage by building 3 million homes and rentals. https://t.co/PHVaSt5OCe",https://x.com/KamalaHarris/status/1828387584101237162
KamalaHarris,2024-08-23T20:17:30.000Z,I accept your nomination to be the President of the United States of America. https://t.co/iKklb8tW6C,https://x.com/KamalaHarris/status/1827077726173384855
KamalaHarris,2024-09-07T18:46:02.000Z,When I am President of the United States and Congress passes a bill to restore reproductive freedoms—I will sign it into law.,https://x.com/KamalaHarris/status/1832490526202794233
KamalaHarris,2024-09-10T20:50:00.000Z,"Donald Trump’s Project 2025 would eliminate the independence of the Department of Justice.

That means Trump would have total control and unchecked legal power—and he has vowed to be a dictator on day one.

Let me be clear: That will never happen.",https://x.com/KamalaHarris/status/1833608890149216757
KamalaHarris,2024-09-10T11:22:05.000Z,"America, see you tonight.

https://t.co/f4EyiUlTAG https://t.co/h8Tqqrp7kE",https://x.com/KamalaHarris/status/1833465968086962265
KamalaHarris,2024-09-16T13:01:06.000Z,"50 days. 

Let’s make every moment count. https://t.co/SV57pYU14B",https://x.com/KamalaHarris/status/1835665211673502157
KamalaHarris,2024-09-09T21:51:26.000Z,Donald Trump has a real problem with the truth. https://t.co/cbVSpjiVae,https://x.com/KamalaHarris/status/1833261961284366841
KamalaHarris,2024-09-12T20:04:18.000Z,"Two nights ago, Donald Trump and I had our first debate.

We owe it to the voters to have another debate.",https://x.com/KamalaHarris/status/1834322163773427722
KamalaHarris,2024-09-24T15:29:44.000Z,"My top priority as president will be to lower costs on everyday essentials. 

The differences between my plan and Donald Trump’s Project 2025 agenda are clear as day:",https://x.com/KamalaHarris/status/1838601718919057465
KamalaHarris,2024-08-19T00:57:52.000Z,Teamwork.,https://x.com/KamalaHarris/status/1825336346933633176
KamalaHarris,2024-08-22T18:53:44.000Z,"To the best partner I could ask for: Happy anniversary, Dougie. https://t.co/zuk3XbfaEO",https://x.com/KamalaHarris/status/1826694258184913025
KamalaHarris,2024-09-11T02:02:56.000Z,"Donald Trump has been prosecuted for national security crimes, economic crimes, election interference—and has been found liable for sexual assault.

Let’s be clear: I will always stand for the rule of law.
https://t.co/tAl0qZ1Pks",https://x.com/KamalaHarris/status/1833687642610770142
KamalaHarris,2024-08-16T19:21:12.000Z,"If you want to know who a politician cares about, look at who they fight for.

Donald Trump fights for billionaires and large corporations.

I will fight to give money back to working and middle-class Americans.",https://x.com/KamalaHarris/status/1824526846295261202
